{
  "test_accuracy": 0.9599999785423279,
  "test_loss": 0.21676036715507507,
  "total_test_samples": 25,
  "correct_predictions": 24,
  "wrong_predictions": 1,
  "per_class_accuracy": {
    "Apple": 1.0,
    "Banana": 1.0,
    "Grape": 0.8,
    "Orange": 1.0,
    "Pineapple": 1.0
  },
  "classification_report": {
    "Apple": {
      "precision": 1.0,
      "recall": 1.0,
      "f1-score": 1.0,
      "support": 5.0
    },
    "Banana": {
      "precision": 1.0,
      "recall": 1.0,
      "f1-score": 1.0,
      "support": 5.0
    },
    "Grape": {
      "precision": 1.0,
      "recall": 0.8,
      "f1-score": 0.8888888888888888,
      "support": 5.0
    },
    "Orange": {
      "precision": 1.0,
      "recall": 1.0,
      "f1-score": 1.0,
      "support": 5.0
    },
    "Pineapple": {
      "precision": 0.8333333333333334,
      "recall": 1.0,
      "f1-score": 0.9090909090909091,
      "support": 5.0
    },
    "accuracy": 0.96,
    "macro avg": {
      "precision": 0.9666666666666666,
      "recall": 0.96,
      "f1-score": 0.9595959595959596,
      "support": 25.0
    },
    "weighted avg": {
      "precision": 0.9666666666666667,
      "recall": 0.96,
      "f1-score": 0.9595959595959596,
      "support": 25.0
    }
  }
}